filePath,fileName,year,site,X_Min,Y_Min,X_Max,Y_Max,d_X,d_Y,d_X_cm,d_Y_cm,size,confidence,class
inputs/specimen.jpg,specimen.jpg,2023,inputs,1073.0048,60.3087,1203.7543,191.28323,130.74951,130.97453,1.7967234,1.6850524,3.027573,0.4352753,0.0
inputs/specimen.jpg,specimen.jpg,2023,inputs,566.235,178.08018,641.673,252.78688,75.43799,74.706696,1.0366478,0.9611387,0.9963623,0.32642755,0.0
inputs/specimen.jpg,specimen.jpg,2023,inputs,930.4563,238.56728,981.3156,289.4805,50.859314,50.913223,0.6988945,0.65502393,0.4577926,0.28713337,0.0
inputs/specimen.jpg,specimen.jpg,2023,inputs,1284.1598,295.80984,1335.0265,346.4831,50.8667,50.67325,0.698996,0.65193653,0.45570102,0.3567968,0.0
inputs/specimen.jpg,specimen.jpg,2023,inputs,1170.2106,420.72443,1227.4742,478.33548,57.26367,57.611053,0.7869014,0.74119484,0.58324724,0.4626425,0.0
inputs/specimen.jpg,specimen.jpg,2023,inputs,1139.2023,453.1679,1179.3455,493.57352,40.14319,40.40561,0.5516365,0.5198382,0.28676173,0.46963763,0.0
inputs/specimen.jpg,specimen.jpg,2023,inputs,911.43494,454.44333,988.10504,531.2281,76.670105,76.78476,1.0535792,0.9878741,1.0408036,0.5282825,0.0
inputs/specimen.jpg,specimen.jpg,2023,inputs,1374.4672,467.64526,1425.0544,515.44867,50.58728,47.803406,0.69515634,0.61501455,0.42753127,0.516501,0.0
inputs/specimen.jpg,specimen.jpg,2023,inputs,1570.652,502.02887,1664.8138,589.5825,94.161865,87.55365,1.2939461,1.1264212,1.4575284,0.48207697,0.0
inputs/specimen.jpg,specimen.jpg,2023,inputs,916.00385,748.0483,963.11847,790.87933,47.114624,42.831055,0.647436,0.5510428,0.35676494,0.3010799,0.0
inputs/specimen.jpg,specimen.jpg,2023,inputs,1590.1915,740.9554,1647.7556,798.7558,57.564087,57.800415,0.79102963,0.74363106,0.5882342,0.5057625,0.0
inputs/specimen.jpg,specimen.jpg,2023,inputs,595.215,861.4133,653.59174,914.1466,58.37671,52.733276,0.80219644,0.6784398,0.54424196,0.3487041,0.0
inputs/specimen.jpg,specimen.jpg,2023,inputs,1807.1901,853.77606,1921.7797,973.94855,114.5896,120.172485,1.5746584,1.5460787,2.4345458,0.39934856,0.0
inputs/specimen.jpg,specimen.jpg,2023,inputs,1724.4941,973.86865,1787.8263,1028.1796,63.332153,54.310913,0.8702928,0.6987369,0.60810566,0.29502285,0.0
inputs/specimen.jpg,specimen.jpg,2023,inputs,1755.5199,1064.9489,1869.2,1168.767,113.68005,103.818115,1.5621597,1.3356717,2.0865324,0.27014425,0.0
inputs/specimen.jpg,specimen.jpg,2023,inputs,1206.5759,1291.0883,1295.6584,1366.9047,89.08252,75.81641,1.2241472,0.9754157,1.1940525,0.2587716,0.0
inputs/specimen.jpg,specimen.jpg,2023,inputs,840.4513,1329.6863,938.65424,1403.4996,98.20294,73.813354,1.3494774,0.94964546,1.2815251,0.26905212,0.0
inputs/specimen.jpg,specimen.jpg,2023,inputs,850.8982,1342.1581,912.59924,1393.3763,61.70105,51.21826,0.84787863,0.65894836,0.55870825,0.31887832,0.0
inputs/specimen.jpg,specimen.jpg,2023,inputs,1570.2312,1333.0631,1665.7023,1415.6945,95.47107,82.63135,1.3119369,1.0630933,1.3947113,0.47662425,0.0
inputs/specimen.jpg,specimen.jpg,2023,inputs,410.6519,1567.2749,465.41418,1622.7728,54.7623,55.497925,0.75252825,0.7140084,0.5373115,0.51967245,0.0
inputs/specimen.jpg,specimen.jpg,2023,inputs,700.108,1741.8969,760.88556,1794.5922,60.777588,52.695312,0.8351887,0.6779514,0.56621736,0.26775196,0.0
inputs/specimen.jpg,specimen.jpg,2023,inputs,577.0832,164.0374,849.887,430.68317,272.80383,266.64575,3.7487943,3.43053,12.860352,0.30107182,0.0
inputs/specimen.jpg,specimen.jpg,2023,inputs,233.08401,320.46268,539.2502,647.4664,306.16617,327.0037,4.20725,4.207065,17.700174,0.51786155,0.0
inputs/specimen.jpg,specimen.jpg,2023,inputs,796.3746,579.50824,953.5585,737.71106,157.1839,158.20282,2.1599774,2.035358,4.396327,0.35618007,0.0
inputs/specimen.jpg,specimen.jpg,2023,inputs,542.6909,664.2337,811.2396,910.7411,268.5487,246.50739,3.6903214,3.17144,11.703632,0.4782324,0.0
inputs/specimen.jpg,specimen.jpg,2023,inputs,1114.9961,647.62286,1402.5677,915.09906,287.57166,267.4762,3.9517295,3.441214,13.598747,0.52583635,0.0
inputs/specimen.jpg,specimen.jpg,2023,inputs,1718.3884,886.7289,1902.3008,1036.8368,183.91235,150.10791,2.5272722,1.9312128,4.8807006,0.26392934,0.0
inputs/specimen.jpg,specimen.jpg,2023,inputs,976.60645,1109.4622,1093.0364,1233.9034,116.42993,124.441284,1.5999477,1.600999,2.5615146,0.27707016,0.0
inputs/specimen.jpg,specimen.jpg,2023,inputs,150.64062,1079.4386,366.16754,1299.0668,215.52692,219.62817,2.961711,2.8256257,8.368687,0.4496368,0.0
inputs/specimen.jpg,specimen.jpg,2023,inputs,116.514275,1073.2971,404.49847,1428.988,287.9842,355.69092,3.9573984,4.5761404,18.109612,0.31278723,0.0
inputs/specimen.jpg,specimen.jpg,2023,inputs,167.89218,1251.678,346.38998,1431.8694,178.4978,180.1914,2.452867,2.3182518,5.6863637,0.33399767,0.0
inputs/specimen.jpg,specimen.jpg,2023,inputs,1265.4441,1578.1064,1401.0037,1707.4401,135.55957,129.33362,1.8628218,1.6639413,3.099626,0.39788592,0.0
