Label1,LabelId1,Logit1,Conf1,Above1,Label2,LabelId2,Logit2,Conf2,Above2,Label3,LabelId3,Logit3,Conf3,Above3,Checked,frameId
Hymenoptera_bees,7,11.560938835144043,0.5280153609116043,True,Apoidea,2,12.471245765686035,0.20797051520137505,True,Apoidea striped,11,12.3587007522583,0.0003140208778682231,True,True,0
Hymenoptera_bees,7,10.896728515625,0.3142956857626906,True,Megachilidae,23,10.675244331359863,7.749831829904455e-06,True,Megachilidae,49,9.18006420135498,5.200137284288305e-09,False,True,1
Hymenoptera_bees,7,9.880805015563965,0.09158573544658061,True,Apoidea,2,13.002862930297852,0.3686158446340779,True,Apoidea striped,11,13.231462478637695,0.004826654516713689,True,True,2
Hymenoptera_bees,7,9.6840181350708,0.06743299189117737,True,Apoidea,2,13.08053207397461,0.3952384218958522,True,Apoidea striped,11,14.68829345703125,0.11496236560401368,True,True,3
Hymenoptera_bees,7,7.927905559539795,0.0015387350683510389,True,Apoidea,2,10.869165420532227,0.012102246028529634,True,Apoidea striped,11,12.58668327331543,0.0006821946411842006,True,True,4
Hymenoptera_bees,7,9.437897682189941,0.04452171535752575,True,Apoidea,2,9.949110984802246,0.0010313177067146873,True,Apoidea striped,11,11.451183319091797,9.198569278577187e-06,True,True,5
Hymenoptera_bees,7,11.406107902526855,0.476533149859447,True,Apidae,1,6.840246677398682,1.0201227094136265e-07,True,Apis mellifera,6,7.701586723327637,2.996005920006613e-15,False,True,6
Hymenoptera_bees,7,12.419901847839355,0.784274186998718,True,Apoidea,2,12.841044425964355,0.3152554340300834,True,Apoidea small,10,10.281769752502441,3.4777656961311343e-06,True,True,7
Hymenoptera_bees,7,10.169451713562012,0.13778959143266695,True,Apoidea,2,8.750211715698242,1.5985125127948215e-05,True,Apoidea small,10,8.964059829711914,3.936771648509571e-09,False,True,8
Hymenoptera_bees,7,13.208043098449707,0.9256401387647254,True,Apidae,1,9.416516304016113,0.000934377859310081,True,Apis mellifera,6,9.558845520019531,1.6619787298208535e-08,False,True,9
Hymenoptera_bees,7,9.782732009887695,0.07884958670369169,True,Apidae,1,9.78384017944336,0.002453981769820939,True,Apis mellifera,6,10.614896774291992,1.1859515221876906e-05,True,True,10
Hymenoptera_bees,7,11.741921424865723,0.5875443187466606,True,Apidae,1,12.808430671691895,0.35761821990431364,True,Apis mellifera,6,11.959308624267578,0.0050010487075870785,True,True,11
Hymenoptera_bees,7,11.99535846710205,0.6673526376200503,True,Apoidea,2,11.212583541870117,0.025880850275216558,True,Apoidea reddish,9,11.198808670043945,1.7242648482370978e-06,True,True,12
Hymenoptera_bees,7,10.551989555358887,0.2202811564295462,True,Apoidea,2,10.591673851013184,0.006151149064779474,True,Apoidea striped,11,9.441995620727539,2.877253258301428e-10,False,True,13
Hemiptera,5,4.670624256134033,2.3957880678793994e-16,False,Hemiptera,14,5.213160514831543,1.9006845975417894e-16,False,Hemiptera,37,4.378843307495117,2.6946628595529524e-17,False,True,18
Hymenoptera_bees,7,10.75947093963623,0.2748560013710095,True,Apoidea,2,10.68313980102539,0.007736427005623161,True,Apoidea reddish,9,9.21096420288086,5.962613997782843e-11,False,True,18
Hymenoptera_bees,7,11.169390678405762,0.3988621477688007,True,Apoidea,2,9.859137535095215,0.0007835695295553151,True,Apoidea reddish,9,9.027816772460938,1.9748470638530783e-11,False,True,19
Hymenoptera_bees,7,10.139495849609375,0.13236325620702238,True,Megachilidae,23,8.296198844909668,1.9394965026499765e-11,False,Megachilidae,49,7.8748579025268555,7.096353322519636e-13,False,True,19
Hymenoptera_bees,7,8.705775260925293,0.010413649727022996,True,Apoidea,2,11.174580574035645,0.023892373905731266,True,Apoidea small,10,11.690011024475098,0.0008702495860369168,True,True,20
Hymenoptera_bees,7,10.662629127502441,0.24858040496650946,True,Apoidea,2,11.614709854125977,0.05664578961508357,True,Apoidea small,10,10.175918579101562,2.137406289852268e-06,True,True,20
Hymenoptera_bees,7,10.529438018798828,0.21474829683950564,True,Apoidea,2,11.349969863891602,0.034258591737519974,True,Apoidea striped,11,12.418668746948242,0.0003867693136313587,True,True,21
Hymenoptera_bees,7,11.650290489196777,0.5575682551027592,True,Apoidea,2,7.3688459396362305,3.3152875222485203e-08,True,Apoidea small,10,6.484647274017334,1.513328608820777e-16,False,True,21
Hymenoptera_bees,7,8.160771369934082,0.002840321630991024,True,Apoidea,2,11.26579761505127,0.028896348216024985,True,Apoidea striped,11,13.17723560333252,0.00414956924328481,True,True,22
Hymenoptera_bees,7,12.340836524963379,0.7644728462277999,True,Apidae,1,10.514745712280273,0.013161953282656558,True,Apis mellifera,6,9.586186408996582,2.011010814169775e-08,True,True,22
Hymenoptera_bees,7,10.4246187210083,0.19011322202123226,True,Apoidea,2,13.020331382751465,0.3745538449437096,True,Apoidea small,10,13.45629596710205,0.0776925041662657,True,True,23
Hymenoptera_bees,7,12.210789680480957,0.7298295597730673,True,Apidae,1,11.302968978881836,0.05666611782137032,True,Apis mellifera,6,11.181221008300781,0.00020681921900841415,True,True,23
Hymenoptera_bees,7,10.621495246887207,0.23783873752633755,True,Megachilidae,23,8.891487121582031,7.882917029803297e-10,False,Apoidea striped,11,8.226655960083008,9.583944359563631e-14,False,False,24
Hymenoptera_bees,7,10.72461986541748,0.265244512819439,True,Apoidea,2,12.551546096801758,0.2292595527331311,True,Apoidea small,10,12.529207229614258,0.010208965752284046,True,True,24
Hymenoptera_bees,7,11.820878028869629,0.6129772356448211,True,Apidae,1,10.16382884979248,0.006114945500998978,True,Apis mellifera,6,10.333097457885742,2.4074312738986205e-06,True,True,25
Hymenoptera_bees,7,10.45639705657959,0.19739188440910466,True,Apoidea,2,12.10633659362793,0.12681793178633954,True,Apoidea small,10,12.242452621459961,0.004711998888809345,True,True,25
Hymenoptera_bees,7,10.785802841186523,0.2822300983917158,True,Apoidea,2,10.281970024108887,0.002702931954989669,True,Apoidea small,10,10.385473251342773,5.548435190658338e-06,True,True,26
Hymenoptera_bees,7,10.544245719909668,0.2183721070825238,True,Apoidea,2,12.55628776550293,0.2305537381588713,True,Apoidea small,10,11.945600509643555,0.0019648201216449493,True,True,26
Hymenoptera_bees,7,12.288334846496582,0.7507891063793933,True,Apidae,1,13.472416877746582,0.5685229181435602,True,Apis mellifera,6,13.434175491333008,0.22223611657715975,True,True,27
Hymenoptera_bees,7,10.892077445983887,0.31292023394686974,True,Apoidea,2,12.44025993347168,0.2000782542824152,True,Apoidea striped,11,10.080123901367188,1.1401130306021497e-08,False,True,27
Hymenoptera_bees,7,10.822275161743164,0.29259856825643804,True,Apoidea,2,6.692987442016602,9.359530228219679e-10,False,Apoidea striped,11,7.506776332855225,4.489260080817297e-16,False,True,28
Hymenoptera_bees,7,8.657967567443848,0.009362142046334726,True,Apoidea,2,10.266875267028809,0.0025920214836122036,True,Apoidea striped,11,13.029766082763672,0.0027171249442677087,True,True,28
Hymenoptera_bees,7,9.200215339660645,0.028801500678260192,True,Apoidea,2,6.3715314865112305,1.511825010027183e-10,False,Apoidea striped,11,7.316609859466553,1.0075269595666174e-16,False,True,29
Hymenoptera_bees,7,10.567055702209473,0.22402262598866474,True,Apoidea,2,11.644332885742188,0.05974273399036685,True,Apoidea striped,11,13.499067306518555,0.009820248298982075,True,True,30
Hymenoptera_bees,7,11.070466041564941,0.3673792043569857,True,Apidae,1,9.081411361694336,0.000360355140209031,True,Apis mellifera,6,8.80632209777832,5.684276645356884e-11,False,True,31
Hymenoptera_bees,7,11.712626457214355,0.5780074832339657,True,Apoidea,2,13.13604736328125,0.4145799100676686,True,Apoidea small,10,11.776073455810547,0.0011521221732604826,True,True,32
