trap,trapId,date,time,taxaConf,taxaLabel,taxaId,taxaLevel,frameId,x1,y1,x2,y2,fileName
sequence,0,20250221,115731,0.03140208778682231,Apoidea striped,12,3,0,1307,601,1355,663,sequence/pi2_2025_02_21_11_57_31.jpg
sequence,0,20250221,115732,0.0007749831829904455,Megachilidae,24,2,1,1284,642,1334,709,sequence/pi2_2025_02_21_11_57_32.jpg
sequence,0,20250221,115734,0.4826654516713689,Apoidea striped,12,3,2,1251,680,1305,720,sequence/pi2_2025_02_21_11_57_34.jpg
sequence,0,20250221,115736,11.496236560401368,Apoidea striped,12,3,3,1235,677,1298,718,sequence/pi2_2025_02_21_11_57_36.jpg
sequence,0,20250221,115738,0.06821946411842006,Apoidea striped,12,3,4,1217,658,1272,715,sequence/pi2_2025_02_21_11_57_38.jpg
sequence,0,20250221,115740,0.0009198569278577186,Apoidea striped,12,3,5,1222,671,1281,719,sequence/pi2_2025_02_21_11_57_40.jpg
sequence,0,20250221,115742,1.0201227094136266e-05,Apidae,2,2,6,1204,673,1273,716,sequence/pi2_2025_02_21_11_57_42.jpg
sequence,0,20250221,115744,0.00034777656961311346,Apoidea small,11,3,7,1084,822,1137,885,sequence/pi2_2025_02_21_11_57_44.jpg
sequence,0,20250221,115746,0.0015985125127948214,Apoidea,3,2,8,1258,780,1308,841,sequence/pi2_2025_02_21_11_57_46.jpg
sequence,0,20250221,115747,0.0934377859310081,Apidae,2,2,9,1162,759,1212,828,sequence/pi2_2025_02_21_11_57_47.jpg
sequence,0,20250221,115749,0.0011859515221876906,Apis mellifera,7,3,10,1088,628,1158,669,sequence/pi2_2025_02_21_11_57_49.jpg
sequence,0,20250221,115751,0.5001048707587078,Apis mellifera,7,3,11,1190,826,1260,892,sequence/pi2_2025_02_21_11_57_51.jpg
sequence,0,20250221,115753,0.0001724264848237098,Apoidea reddish,10,3,12,1335,819,1386,888,sequence/pi2_2025_02_21_11_57_53.jpg
sequence,0,20250221,115755,0.6151149064779474,Apoidea,3,2,13,1542,662,1601,708,sequence/pi2_2025_02_21_11_57_55.jpg
sequence,0,20250221,115805,0.0,Unsure,0,0,18,1530,545,1581,597,sequence/pi2_2025_02_21_11_58_05.jpg
sequence,0,20250221,115805,0.7736427005623161,Apoidea,3,2,18,1565,652,1622,698,sequence/pi2_2025_02_21_11_58_05.jpg
sequence,0,20250221,115807,0.07835695295553151,Apoidea,3,2,19,1591,630,1641,687,sequence/pi2_2025_02_21_11_58_07.jpg
sequence,0,20250221,115807,13.236325620702239,Hymenoptera_bees,8,1,19,420,730,491,777,sequence/pi2_2025_02_21_11_58_07.jpg
sequence,0,20250221,115809,0.08702495860369168,Apoidea small,11,3,20,446,720,504,767,sequence/pi2_2025_02_21_11_58_09.jpg
sequence,0,20250221,115809,0.0002137406289852268,Apoidea small,11,3,20,1394,774,1458,832,sequence/pi2_2025_02_21_11_58_09.jpg
sequence,0,20250221,115810,0.03867693136313587,Apoidea striped,12,3,21,615,741,664,801,sequence/pi2_2025_02_21_11_58_10.jpg
sequence,0,20250221,115810,3.3152875222485204e-06,Apoidea,3,2,21,1369,755,1419,817,sequence/pi2_2025_02_21_11_58_10.jpg
sequence,0,20250221,115812,0.414956924328481,Apoidea striped,12,3,22,602,730,652,783,sequence/pi2_2025_02_21_11_58_12.jpg
sequence,0,20250221,115812,2.011010814169775e-06,Apis mellifera,7,3,22,1368,755,1419,814,sequence/pi2_2025_02_21_11_58_12.jpg
sequence,0,20250221,115814,7.76925041662657,Apoidea small,11,3,23,597,707,642,760,sequence/pi2_2025_02_21_11_58_14.jpg
sequence,0,20250221,115814,0.020681921900841414,Apis mellifera,7,3,23,1403,740,1466,799,sequence/pi2_2025_02_21_11_58_14.jpg
sequence,0,20250221,115816,23.783873752633756,Hymenoptera_bees,8,1,24,1500,620,1570,672,sequence/pi2_2025_02_21_11_58_16.jpg
sequence,0,20250221,115816,1.0208965752284047,Apoidea small,11,3,24,599,724,648,780,sequence/pi2_2025_02_21_11_58_16.jpg
sequence,0,20250221,115818,0.00024074312738986206,Apis mellifera,7,3,25,1101,627,1160,684,sequence/pi2_2025_02_21_11_58_18.jpg
sequence,0,20250221,115818,0.4711998888809345,Apoidea small,11,3,25,605,721,651,780,sequence/pi2_2025_02_21_11_58_18.jpg
sequence,0,20250221,115820,0.0005548435190658338,Apoidea small,11,3,26,1407,732,1468,775,sequence/pi2_2025_02_21_11_58_20.jpg
sequence,0,20250221,115820,0.19648201216449493,Apoidea small,11,3,26,620,724,669,768,sequence/pi2_2025_02_21_11_58_20.jpg
sequence,0,20250221,115821,22.223611657715974,Apis mellifera,7,3,27,1288,404,1354,447,sequence/pi2_2025_02_21_11_58_21.jpg
sequence,0,20250221,115821,20.00782542824152,Apoidea,3,2,27,611,730,670,771,sequence/pi2_2025_02_21_11_58_21.jpg
sequence,0,20250221,115823,29.259856825643805,Hymenoptera_bees,8,1,28,1001,1017,1073,1065,sequence/pi2_2025_02_21_11_58_23.jpg
sequence,0,20250221,115823,0.27171249442677087,Apoidea striped,12,3,28,761,838,831,881,sequence/pi2_2025_02_21_11_58_23.jpg
sequence,0,20250221,115825,2.880150067826019,Hymenoptera_bees,8,1,29,500,569,550,642,sequence/pi2_2025_02_21_11_58_25.jpg
sequence,0,20250221,115827,0.9820248298982075,Apoidea striped,12,3,30,473,765,524,819,sequence/pi2_2025_02_21_11_58_27.jpg
sequence,0,20250221,115829,0.036035514020903096,Apidae,2,2,31,706,915,766,970,sequence/pi2_2025_02_21_11_58_29.jpg
sequence,0,20250221,115831,0.11521221732604825,Apoidea small,11,3,32,669,967,729,1006,sequence/pi2_2025_02_21_11_58_31.jpg
